summary,name,learning_rate,epochs,optimizer,batch_size
"{'_runtime': 40916.037282239, '_step': 1151, '_timestamp': 1735925258.3105235, '_wandb.runtime': 40916, 'running_loss': 0.4421880543231964, 'train_acc': 0.842, 'train_loss': 0.4855046309530735, 'val_in_acc': 0.5044843049327354, 'val_in_loss': 1.863657065800258, 'val_out_acc': 0.13849765258215962, 'val_out_loss': 4.955707686288016}",Adam_0.01,0.01,128,Adam,64
"{'_runtime': 14628.109871609, '_step': 1151, '_timestamp': 1735939889.538765, '_wandb.runtime': 14628, 'running_loss': 0.33216604590415955, 'train_acc': 0.904, 'train_loss': 0.32399980910122395, 'val_in_acc': 0.5493273542600897, 'val_in_loss': 1.8730270862579346, 'val_out_acc': 0.11267605633802817, 'val_out_loss': 5.456781830106463}",Adam_0.001,0.001,128,Adam,64
"{'_runtime': 7607.503208874, '_step': 1151, '_timestamp': 1735947500.9652073, '_wandb.runtime': 7607, 'running_loss': 0.36399582028388977, 'train_acc': 0.902, 'train_loss': 0.2587571833282709, 'val_in_acc': 0.5426008968609866, 'val_in_loss': 1.959422699042729, 'val_out_acc': 0.1056338028169014, 'val_out_loss': 4.846384831837246}",Adam_0.0001,0.0001,128,Adam,64
